<?xml version="1.0" standalone="yes"?>
<SqlCommandSet xmlns="http://tempuri.org/SqlCommandSet.xsd">
  <UpdateInfo>
    <DataBaseType>MySql</DataBaseType>
    <ConnectionString>server=127.0.0.1;port=3306;database=testvipapp;uid=root;pwd=xmjk;allow user variables=true</ConnectionString>
    <GetVersionSqlCommand>select version from databaseversion where appid='A9B8BF67-7954-4853-BD80-879D689C3CB0'</GetVersionSqlCommand>
    <Description />
    <ApplicationTypeName />
    <InputPasswordByUser>false</InputPasswordByUser>
    <GetVersionByPlugin>false</GetVersionByPlugin>
  </UpdateInfo>
  <Versions>
    <Version>1</Version>
    <Description>新增表</Description>
    <Author>徐红亮</Author>
    <Date>2023-07-01T15:32:48+08:00</Date>
    <SqlCommands>
      <Id>0</Id>
      <Version>1</Version>
      <Description>新增表reservoirmanager_businessuser</Description>
      <CommandText>
SET FOREIGN_KEY_CHECKS = 0;

DROP TABLE
IF EXISTS `reservoirmanager_businessuser`;

CREATE TABLE `reservoirmanager_businessuser` (
  `BusinessCode` char(20) NOT NULL COMMENT '编码(18位)',
  `CenterCode` char(8) NOT NULL COMMENT '中心序号(8位)',
  `BusinessType` int(11) NOT NULL COMMENT '类型编码(3位)',
  `BusinessIndex` int(11) NOT NULL COMMENT '序号(7位)',
  `Name` varchar(50) NOT NULL COMMENT '名称',
  `Phone` varchar(20) DEFAULT NULL COMMENT '联系电话',
  `OrgUnitCode` varchar(20) NOT NULL COMMENT '组织机构',
  `CertificateNumber` varchar(200) DEFAULT NULL COMMENT '证件号',
  `CertificateType` varchar(20) DEFAULT NULL COMMENT '证件类型',
  `EmpCode` varchar(20) DEFAULT NULL COMMENT '员工编号',
  `EmpName` varchar(50) DEFAULT NULL COMMENT '员工名称',
  `UnitCode` varchar(50) DEFAULT NULL COMMENT '报备单位，数据来源于字典',
  `UnitName` varchar(50) DEFAULT NULL COMMENT '当我名称',
  `Ext` longtext COMMENT '扩展字段',
  `OrderNo` int(11) NOT NULL COMMENT '排序',
  `UsageCount` int(11) DEFAULT NULL COMMENT '使用频率',
  `IsDeleted` bit(1) NOT NULL COMMENT '是否删除',
  `CreationEmpCode` char(20) DEFAULT NULL COMMENT '添加人员编号',
  `CreationEmpName` varchar(50) DEFAULT NULL COMMENT '添加人员名称',
  `CreationTime` datetime NOT NULL COMMENT '创建时间',
  `ModifyTime` datetime NOT NULL COMMENT '修改时间',
  PRIMARY KEY (`BusinessCode`)
) ENGINE=InnoDB DEFAULT CHARSET=utf8;


SET FOREIGN_KEY_CHECKS = 1;</CommandText>
      <Timeout>30</Timeout>
      <BreakOnException>true</BreakOnException>
    </SqlCommands>
    <SqlCommands>
      <Id>1</Id>
      <Version>1</Version>
      <Description>新增表reservoirmanager_card</Description>
      <CommandText>
SET FOREIGN_KEY_CHECKS = 0;

DROP TABLE
IF EXISTS `reservoirmanager_card`;

CREATE TABLE `reservoirmanager_card` (
  `BusinessCode` char(20) NOT NULL COMMENT '编码(18位)',
  `CenterCode` char(8) NOT NULL COMMENT '中心序号(8位)',
  `BusinessType` int(11) NOT NULL COMMENT '类型编码(3位)',
  `BusinessIndex` int(11) NOT NULL COMMENT '序号(7位)',
  `CardNum` varchar(50) NOT NULL COMMENT '卡号',
  `IsVirtualCard` bit(1) NOT NULL COMMENT '是否虚拟卡',
  `AuthType` int(11) DEFAULT NULL COMMENT '授权类型，1长期 ，2专用，3临时，4车辆',
  `AuthObjCode` varchar(50) DEFAULT NULL COMMENT '授权对象标识',
  `AuthObjName` varchar(50) DEFAULT NULL COMMENT '授权对象名称',
  `AuthDescription` varchar(200) DEFAULT NULL COMMENT '授权说明',
  `AuthUnitCode` varchar(50) DEFAULT NULL COMMENT '授权单位编号',
  `AuthUnitName` varchar(50) DEFAULT NULL COMMENT '授权单位名称',
  `AuthAcsGroups` varchar(2000) DEFAULT '' COMMENT '授权门禁服务组信息',
  `OtherCode` varchar(50) DEFAULT NULL COMMENT '其他证件信息',
  `StartTime` datetime DEFAULT NULL COMMENT '证件有效期始',
  `ExpiredTime` datetime DEFAULT NULL COMMENT '证件有效期止',
  `Status` int(11) DEFAULT NULL COMMENT '状态。1 未使用，2使用中，9已注销',
  `ReceiveTime` datetime DEFAULT NULL COMMENT '领证时间',
  `LogoutTime` datetime DEFAULT NULL COMMENT '注销时间',
  `Description` varchar(2000) NOT NULL COMMENT '领证说明',
  `CreationEmpCode` char(20) DEFAULT NULL COMMENT '添加人员编号',
  `CreationEmpName` varchar(50) DEFAULT NULL COMMENT '添加人员名称',
  `IsDeleted` bit(1) DEFAULT NULL COMMENT '是否删除',
  `CreationTime` datetime NOT NULL COMMENT '添加时间',
  `ModifyTime` datetime NOT NULL COMMENT '修改时间',
  PRIMARY KEY (`BusinessCode`),
  UNIQUE KEY `CardNum` (`CardNum`)
) ENGINE=InnoDB DEFAULT CHARSET=utf8;




SET FOREIGN_KEY_CHECKS = 1;</CommandText>
      <Timeout>30</Timeout>
      <BreakOnException>true</BreakOnException>
    </SqlCommands>
    <SqlCommands>
      <Id>4</Id>
      <Version>1</Version>
      <Description>新增reservoirmanager_baglog 新增字段</Description>
      <CommandText>
SET FOREIGN_KEY_CHECKS = 0;

DROP TABLE
IF EXISTS `reservoirmanager_baglog`;

CREATE TABLE `reservoirmanager_baglog` (
  `Id` char(36) NOT NULL COMMENT 'Id',
  `CenterCode` varchar(50) DEFAULT NULL COMMENT '中心编号',
  `CardCode` varchar(50) NOT NULL COMMENT '卡片数据标识',
  `CardNum` varchar(50) NOT NULL COMMENT '卡号',
  `DoorCode` varchar(50) DEFAULT NULL COMMENT '门编号',
  `DoorName` varchar(50) DEFAULT NULL COMMENT '门名称',
  `AccessType` int(2) DEFAULT '1' COMMENT '进出状态，1进门，2出门',
  `OrgCode` varchar(50) DEFAULT '0' COMMENT '组织机构编号',
  `OrgName` varchar(50) DEFAULT NULL COMMENT '组织机构名称',
  `CheckTime` datetime(3) DEFAULT NULL COMMENT '进门检查时间',
  `IsManualCreate` bit(1) DEFAULT NULL COMMENT '是否手动补录',
  `AttachmentPaths` varchar(2000) DEFAULT NULL COMMENT '附件地址，多个以 , 隔开。',
  `CreationTime` datetime NOT NULL COMMENT '添加时间',
  `ModifyTime` datetime NOT NULL COMMENT '修改时间',
  PRIMARY KEY (`Id`)
) ENGINE=InnoDB DEFAULT CHARSET=utf8;





SET FOREIGN_KEY_CHECKS = 1;</CommandText>
      <Timeout>30</Timeout>
      <BreakOnException>true</BreakOnException>
    </SqlCommands>
    <SqlCommands>
      <Id>13</Id>
      <Version>1</Version>
      <Description>新增reservoirmanager_cardlog 新增字段</Description>
      <CommandText>
SET FOREIGN_KEY_CHECKS = 0;

DROP TABLE
IF EXISTS `reservoirmanager_cardlog`;

CREATE TABLE `reservoirmanager_cardlog` (
  `Id` char(36) NOT NULL COMMENT 'Id',
  `CenterCode` varchar(50) DEFAULT NULL COMMENT '中心编号',
  `CardCode` varchar(50) NOT NULL COMMENT '卡片数据标识',
  `CardNum` varchar(50) NOT NULL COMMENT '卡号',
  `LogType` int(11) DEFAULT NULL COMMENT '日志类型。1新增卡，2发卡，3注销卡，4删除卡',
  `AuthType` int(11) DEFAULT NULL COMMENT '发卡类型。1长期，2专用，3临时，4车辆',
  `AuthObjCode` varchar(50) DEFAULT NULL COMMENT '授权对象标识',
  `AuthObjName` varchar(50) DEFAULT NULL COMMENT '授权对象名称',
  `AuthDescription` varchar(200) DEFAULT NULL COMMENT '授权说明',
  `OtherCode` varchar(50) DEFAULT NULL COMMENT '其他证件信息',
  `AuthUnitCode` varchar(50) DEFAULT NULL COMMENT '授权单位编号',
  `AuthUnitName` varchar(50) DEFAULT NULL COMMENT '授权单位名称',
  `AuthAcsGroups` varchar(2000) DEFAULT '' COMMENT '授权门禁服务组信息',
  `StartTime` datetime DEFAULT NULL COMMENT '证件有效期始',
  `ExpiredTime` datetime DEFAULT NULL COMMENT '证件有效期止',
  `Description` varchar(2000) DEFAULT NULL COMMENT '备注',
  `Time` datetime DEFAULT NULL COMMENT '记录产生时间',
  `CreationEmpCode` char(20) DEFAULT NULL COMMENT '添加人员编号',
  `CreationEmpName` varchar(50) DEFAULT NULL COMMENT '添加人员名称',
  `CreationTime` datetime NOT NULL COMMENT '添加时间',
  `ModifyTime` datetime NOT NULL COMMENT '修改时间',
  PRIMARY KEY (`Id`)
) ENGINE=InnoDB DEFAULT CHARSET=utf8;







SET FOREIGN_KEY_CHECKS = 1;</CommandText>
      <Timeout>30</Timeout>
      <BreakOnException>true</BreakOnException>
    </SqlCommands>
    <SqlCommands>
      <Id>14</Id>
      <Version>1</Version>
      <Description>新增reservoirmanager_certificateregister新增字段</Description>
      <CommandText>
SET FOREIGN_KEY_CHECKS = 0;

DROP TABLE
IF EXISTS `reservoirmanager_certificateregister`;

CREATE TABLE `reservoirmanager_certificateregister` (
  `Id` char(36) NOT NULL COMMENT '编码',
  `CenterCode` char(8) NOT NULL COMMENT '中心序号(8位)',
  `CardNum` varchar(50) NOT NULL COMMENT '卡号',
  `AuthType` int(11) DEFAULT NULL COMMENT '授权类型，1长期 ，2专用，3临时，4车辆',
  `AuthObjCode` varchar(50) DEFAULT NULL COMMENT '授权对象标识',
  `AuthObjName` varchar(50) DEFAULT NULL COMMENT '授权对象名称',
  `AuthDescription` varchar(200) DEFAULT NULL COMMENT '授权说明',
  `AuthUnitCode` varchar(50) DEFAULT NULL COMMENT '授权单位编号',
  `AuthUnitName` varchar(50) DEFAULT NULL COMMENT '授权单位名称',
  `AuthAcsGroups` varchar(2000) DEFAULT '' COMMENT '授权门禁服务组信息',
  `OtherCode` varchar(50) DEFAULT NULL COMMENT '其他证件信息',
  `StartTime` datetime DEFAULT NULL COMMENT '证件有效期始',
  `ExpiredTime` datetime DEFAULT NULL COMMENT '证件有效期止',
  `Status` int(11) DEFAULT NULL COMMENT '状态。1 未使用，2使用中，9已注销',
  `ReceiveTime` datetime DEFAULT NULL COMMENT '领证时间',
  `ReturnTime` datetime DEFAULT NULL COMMENT '还卡时间',
  `LogoutTime` datetime DEFAULT NULL COMMENT '注销时间',
  `AttachmentPaths` varchar(2000) DEFAULT NULL COMMENT '附件地址，多个以 , 隔开。',
  `Description` varchar(2000) DEFAULT NULL COMMENT '备注',
  `CreationEmpCode` char(20) DEFAULT NULL COMMENT '添加人员编号',
  `CreationEmpName` varchar(50) DEFAULT NULL COMMENT '添加人员名称',
  `CreationTime` datetime NOT NULL COMMENT '添加时间',
  `ModifyTime` datetime NOT NULL COMMENT '修改时间',
  PRIMARY KEY (`Id`)
) ENGINE=InnoDB DEFAULT CHARSET=utf8;




SET FOREIGN_KEY_CHECKS = 1;</CommandText>
      <Timeout>30</Timeout>
      <BreakOnException>true</BreakOnException>
    </SqlCommands>
    <SqlCommands>
      <Id>16</Id>
      <Version>1</Version>
      <Description>新增reservoirmanager_entryandexitregister新增字段</Description>
      <CommandText>
SET FOREIGN_KEY_CHECKS = 0;

DROP TABLE
IF EXISTS `reservoirmanager_entryandexitregister`;

CREATE TABLE `reservoirmanager_entryandexitregister` (
  `Id` char(36) NOT NULL COMMENT '编码',
  `CenterCode` char(8) NOT NULL COMMENT '中心序号(8位)',
  `EntryTime` datetime(3) DEFAULT NULL COMMENT '进入时间',
  `ExitTime` datetime(3) DEFAULT NULL COMMENT '离开时间',
  `DepartmentName` varchar(50) DEFAULT NULL COMMENT '单位（部门）名称',
  `Name` varchar(50) DEFAULT NULL COMMENT '人员或车辆的名称',
  `VehicleNumber` varchar(50) DEFAULT NULL COMMENT '车牌号',
  `IDNumber` varchar(50) DEFAULT NULL COMMENT '车或人对应的证件编号',
  `CardNum` varchar(50) DEFAULT NULL COMMENT '卡号',
  `DoorCode` varchar(50) DEFAULT NULL COMMENT ' CMS的doorCode',
  `DoorName` varchar(50) DEFAULT NULL COMMENT '门名称',
  `UnitCode` varchar(50) DEFAULT NULL COMMENT 'CMS的单位编号',
  `UnitName` varchar(50) DEFAULT NULL COMMENT 'CMS的单位名称',
  `EntrySessionId` varchar(20) DEFAULT '' COMMENT '开门请求日志中的SessionId',
  `ExitSessionId` varchar(20) DEFAULT '' COMMENT '出门请求日志中的SessionId',
  PRIMARY KEY (`Id`)
) ENGINE=InnoDB DEFAULT CHARSET=utf8;


SET FOREIGN_KEY_CHECKS = 1;</CommandText>
      <Timeout>30</Timeout>
      <BreakOnException>true</BreakOnException>
    </SqlCommands>
    <SqlCommands>
      <Id>17</Id>
      <Version>1</Version>
      <Description>版本</Description>
      <CommandText>UPDATE databaseversion SET Version=1.0 WHERE  AppId='A9B8BF67-7954-4853-BD80-879D689C3CB0'</CommandText>
      <Timeout>30</Timeout>
      <BreakOnException>true</BreakOnException>
    </SqlCommands>
  </Versions>
  <Versions>
    <Version>1.1</Version>
    <Description>表reservoirmanager_certificateregister新增字段IsManualCreate</Description>
    <Author>徐红亮</Author>
    <Date>2023-09-14T14:24:27.6652664+08:00</Date>
    <SqlCommands>
      <Id>18</Id>
      <Version>1.1</Version>
      <Description>新增字段IsManualCreate</Description>
      <CommandText>
        ALTER TABLE `reservoirmanager_certificateregister`
ADD COLUMN `IsManualCreate`  bit(1) NULL DEFAULT 0 COMMENT '是否手动补录' AFTER `AttachmentPaths`;</CommandText>
      <Timeout>30</Timeout>
      <BreakOnException>true</BreakOnException>
    </SqlCommands>
    <SqlCommands>
      <Id>19</Id>
      <Version>1.1</Version>
      <Description>新增字段PhotoId</Description>
      <CommandText>ALTER TABLE `reservoirmanager_businessuser`
ADD COLUMN `PhotoId`  varchar(100) NULL COMMENT '头像照片附件ID，见附件表cms_attachmentv2' AFTER `OrderNo`;

</CommandText>
      <Timeout>30</Timeout>
      <BreakOnException>true</BreakOnException>
    </SqlCommands>
    <SqlCommands>
      <Id>20</Id>
      <Version>1.1</Version>
      <Description>版本</Description>
      <CommandText>UPDATE databaseversion SET Version=1.1 WHERE  AppId='A9B8BF67-7954-4853-BD80-879D689C3CB0'</CommandText>
      <Timeout>30</Timeout>
      <BreakOnException>true</BreakOnException>
    </SqlCommands>
    <SqlCommands>
      <Id>21</Id>
      <Version>1.1</Version>
      <Timeout>30</Timeout>
      <BreakOnException>true</BreakOnException>
    </SqlCommands>
  </Versions>
  <Versions>
    <Version>1.2</Version>
    <Description>卡表新增别名字段</Description>
    <Author>徐红亮</Author>
    <Date>2023-09-19T18:48:37.0600279+08:00</Date>
    <SqlCommands>
      <Id>22</Id>
      <Version>1.2</Version>
      <Description>卡表新增别名</Description>
      <CommandText>ALTER TABLE `reservoirmanager_card`
ADD COLUMN `Alias`  varchar(50) NULL COMMENT '卡号别名' AFTER `CardNum`;

</CommandText>
      <Timeout>30</Timeout>
      <BreakOnException>true</BreakOnException>
    </SqlCommands>
    <SqlCommands>
      <Id>23</Id>
      <Version>1.2</Version>
      <Description>版本</Description>
      <CommandText>UPDATE databaseversion SET Version=1.2 WHERE  AppId='A9B8BF67-7954-4853-BD80-879D689C3CB0'</CommandText>
      <Timeout>30</Timeout>
      <BreakOnException>true</BreakOnException>
    </SqlCommands>
  </Versions>
  <Versions>
    <Version>1.3</Version>
    <Description>新增reservoirmanager_dictionary，并将单位、领卡事由数据迁移进来</Description>
    <Author>徐红亮</Author>
    <Date>2023-10-20T17:27:26.9607449+08:00</Date>
    <SqlCommands>
      <Id>24</Id>
      <Version>1.3</Version>
      <Description>新增表</Description>
      <CommandText>DROP TABLE IF EXISTS `reservoirmanager_dictionary`;
CREATE TABLE `reservoirmanager_dictionary` (
  `Id` char(36) NOT NULL COMMENT '类型 Unit：单位、IssueCommonWords：领卡事由',
  `CenterCode` varchar(255) DEFAULT NULL COMMENT '中心编码',
  `Type` varchar(255) DEFAULT NULL COMMENT '类型',
  `TypeSM` varchar(255) DEFAULT NULL COMMENT '类型名称',
  `Value` varchar(255) DEFAULT NULL COMMENT '值',
  `Name` varchar(255) DEFAULT NULL COMMENT '中文名称',
  `Description` varchar(255) DEFAULT NULL COMMENT '描述',
  `Order` int(11) DEFAULT NULL COMMENT '排序',
  `IsEnable` bit(1) DEFAULT NULL COMMENT '是否禁用',
  `CreationTime` datetime NOT NULL COMMENT '创建时间',
  `ModifyTime` datetime DEFAULT NULL COMMENT '修改时间',
  PRIMARY KEY (`Id`),
  UNIQUE KEY `type_value_unique` (`Type`,`Value`)
) ENGINE=InnoDB DEFAULT CHARSET=utf8;</CommandText>
      <Timeout>30</Timeout>
      <BreakOnException>true</BreakOnException>
    </SqlCommands>
    <SqlCommands>
      <Id>25</Id>
      <Version>1.3</Version>
      <Description>迁移数据</Description>
      <CommandText>INSERT into reservoirmanager_dictionary(id,centerCode,type,typeSM,value,name,description,`order`,IsEnable,creationtime,modifytime) SELECT  id,'' centerCode,'Unit' as type,'单位' as typesm,value,name,description,`Order`,IsEnable,creationtime,modifytime from cms_dictionaryv2 a where CatelogId='1da2c0ed-88f5-46fd-9ea7-e10260eb93e0' and not EXISTS( select id from reservoirmanager_dictionary b where a.id=b.Id);
INSERT into reservoirmanager_dictionary(id,centerCode,type,typeSM,value,name,description,`order`,IsEnable,creationtime,modifytime) SELECT  id,'' centerCode,'IssueCommonWords' as type,'领卡事由' as typesm,value,name,description,`Order`,IsEnable,creationtime,modifytime from cms_dictionaryv2 a where CatelogId='88a44ffb-14ad-4fda-9699-63efcf65d13f'and not EXISTS( select id from reservoirmanager_dictionary where a.id=Id);
update reservoirmanager_certificateregister a LEFT JOIN reservoirmanager_dictionary b on a.authunitcode=b.value  set a.AuthUnitCode=b.Id  where b.Id is NOT null </CommandText>
      <Timeout>30</Timeout>
      <BreakOnException>true</BreakOnException>
    </SqlCommands>
    <SqlCommands>
      <Id>26</Id>
      <Version>1.3</Version>
      <Description>升级数据库</Description>
      <CommandText>UPDATE databaseversion SET Version=1.3 WHERE  AppId='A9B8BF67-7954-4853-BD80-879D689C3CB0'</CommandText>
      <Timeout>30</Timeout>
      <BreakOnException>true</BreakOnException>
    </SqlCommands>
  </Versions>
</SqlCommandSet>