[
  {
    "name": "报备人员",
    "catelog": "证件管理",
    "url": "/reservoirmanager/home/person",
    "Type": "client",
    "IsAdminUrl": false
  },
  {
    "name": "报备车辆",
    "catelog": "证件管理",
    "url": "/reservoirmanager/home/car",
    "Type": "client",
    "IsAdminUrl": false
  },
  {
    "name": "卡管理",
    "catelog": "证件管理",
    "url": "reservoirmanager/home/card",
    "Type": "client",
    "IsAdminUrl": false
  },
  {
    "name": "证件登记簿",
    "catelog": "登记簿",
    "url": "reservoirmanager/home/certificatelog",
    "Type": "client",
    "IsAdminUrl": false
  },
  {
    "name": "库区出入登记簿",
    "catelog": "登记簿",
    "url": "reservoirmanager/home/reservoirlog",
    "Type": "client",
    "IsAdminUrl": false
  },
  {
    "name": "箱包记录",
    "catelog": "登记簿",
    "url": "reservoirmanager/home/baglog",
    "Type": "client",
    "IsAdminUrl": false
  },
  {
    "name": "证件变更记录",
    "catelog": "登记簿",
    "url": "reservoirmanager/home/cardlog",
    "Type": "client",
    "IsAdminUrl": false
  },
  {
    "name": "出入合规审计",
    "catelog": "审计",
    "url": "reservoirmanager/home/noAuthRecord",
    "Type": "client",
    "IsAdminUrl": false
  },
  {
    "name": "字典管理",
    "catelog": "其他",
    "url": "reservoirmanager/home/dictionary",
    "Type": "client",
    "IsAdminUrl": false
  },
  {
    "name": "车牌转换信息",
    "catelog": "其他",
    "url": "reservoirmanager/home/cartransform",
    "Type": "client",
    "IsAdminUrl": false
  }
]
