<Application Version="1.0" Guid="A9B8BF67-7954-4853-BD80-879D689C3CB0">
  <Name>ReservoirManager</Name>
  <Friendlyname>库区管理</Friendlyname>
  <Description>库区管理</Description>
  <Version>1.0.0</Version>
  <Dllname>Xunmei.Web.ReservoirManager</Dllname>
  <NameSpace>Xunmei.Web.Modules.ReservoirManager.Controllers</NameSpace>
  <Autouse>true</Autouse>
  <Public>false</Public>
  <Folders>
    <Folder Path="{R}/Update">
      <File>UpgradeSql.xml</File>
    </Folder>
    <Folder Path="{M}">
      <File>_ViewImports.cshtml</File>
      <File>_ViewStart.cshtml</File>
    </Folder>
    <Folder Path="{M}/ClientApp">
      <File>Index.cshtml</File>
    </Folder>
    <Folder Path="">
      <File>Xunmei.ReservoirManager.Business.dll</File>
      <File>Xunmei.ReservoirManager.Core.dll</File>
    </Folder>
    <Folder Path="Areas" />
    <Folder Path="es">
      <File>Hangfire.Core.resources.dll</File>
    </Folder>
    <Folder Path="ExcelTemplate">
      <File>出入登记簿.xls</File>
      <File>证件领用登记簿.xls</File>
    </Folder>
    <Folder Path="wwwroot" />
    <Folder Path="wwwroot/areas" />
    <Folder Path="wwwroot/areas/reservoirmanager">
      <File>menu.json</File>
    </Folder>
    <Folder Path="wwwroot/areas/reservoirmanager/app" />
    <Folder Path="wwwroot/areas/reservoirmanager/app/_build">
      <File>home.css</File>
      <File>home.js</File>
      <File>shared.css</File>
      <File>shared.js</File>
    </Folder>
    <Folder Path="wwwroot/areas/reservoirmanager/content" />
    <Folder Path="wwwroot/areas/reservoirmanager/content/init">
      <File>dictionary.json</File>
      <File>tag.json</File>
    </Folder>
    <Folder Path="wwwroot/areas/reservoirmanager/content/template">
      <File>CardTemplate.xls</File>
      <File>PersonTemplate.xls</File>
    </Folder>
    <Folder Path="wwwroot/areas/reservoirmanager/fonts" />
    <Folder Path="wwwroot/areas/reservoirmanager/fonts/iconfont">
      <File>iconfont.css</File>
      <File>iconfont.eot</File>
      <File>iconfont.svg</File>
      <File>iconfont.ttf</File>
      <File>iconfont.woff</File>
    </Folder>
    <Folder Path="wwwroot/areas/reservoirmanager/js">
      <File>decoder-pro-simd.js</File>
      <File>decoder-pro-simd.wasm</File>
      <File>decoder-pro.js</File>
      <File>decoder-pro.wasm</File>
      <File>vgswebplayer.js</File>
    </Folder>
    <Folder Path="zh">
      <File>Hangfire.Core.resources.dll</File>
    </Folder>
  </Folders>
</Application>